rank,title,id
1,Gloomhaven,174430
2,Pandemic Legacy: Season 1,161936
3,Brass: Birmingham,224517
4,Terraforming Mars,167791
5,Gloomhaven: Jaws of the Lion,291457
6,Twilight Imperium: Fourth Edition,233078
7,Gaia Project,220308
8,Star Wars: Rebellion,187645
9,Spirit Island,162886
10,Through the Ages: A New Story of Civilization,182028
11,War of the Ring: Second Edition,115746
12,Great Western Trail,193738
13,Twilight Struggle,12333
14,Scythe,169786
15,Dune: Imperium,316554
16,The Castles of Burgundy,84876
17,Nemesis,167355
18,7 Wonders Duel,173346
19,Concordia,124361
20,Brass: Lancashire,28720
21,Terra Mystica,120677
22,A Feast for Odin,177736
23,Wingspan,266192
24,Arkham Horror: The Card Game,205637
25,Viticulture Essential Edition,183394
26,Root,237182
27,Orléans,164928
28,Everdell,199792
29,Clank!: Legacy – Acquisitions Incorporated,266507
30,Mage Knight Board Game,96848
31,Lost Ruins of Arnak,312484
32,Eclipse: Second Dawn for the Galaxy,246900
33,Food Chain Magnate,175914
34,Puerto Rico,3076
35,Caverna: The Cave Farmers,102794
36,Blood Rage,170216
37,Marvel Champions: The Card Game,285774
38,Too Many Bones,192135
39,Agricola,31260
40,Barrage,251247
41,Maracaibo,276025
42,Pandemic Legacy: Season 2,221107
43,Underwater Cities,247763
44,Mansions of Madness: Second Edition,205059
45,Pax Pamir: Second Edition,256960
46,The Crew: The Quest for Planet Nine,284083
47,Anachrony,185343
48,Tzolk'in: The Mayan Calendar,126163
49,Power Grid,2651
50,Kingdom Death: Monster,55690
51,Clans of Caledonia,216132
52,Star Wars: Imperial Assault,164153
53,On Mars,184267
54,Mechs vs. Minions,209010
55,Le Havre,35677
56,The 7th Continent,180263
57,The Quacks of Quedlinburg,244521
58,The Gallerist,125153
59,Crokinole,521
60,Lisboa,161533
61,Azul,230802
62,Eclipse,72125
63,Through the Ages: A Story of Civilization,25613
64,Paladins of the West Kingdom,266810
65,Aeon's End,191189
66,Android: Netrunner,124742
67,Ark Nova,342942
68,Race for the Galaxy,28143
69,Pandemic Legacy: Season 0,314040
70,Clank!: A Deck-Building Adventure,201808
71,Fields of Arle,159675
72,Robinson Crusoe: Adventures on the Cursed Island,121921
73,Teotihuacan: City of Gods,229853
74,The Voyages of Marco Polo,171623
75,Five Tribes,157354
76,7 Wonders,68448
77,Agricola (Revised Edition),200680
78,Lords of Waterdeep,110327
79,Dominant Species,62219
80,Grand Austria Hotel,182874
81,Architects of the West Kingdom,236457
82,Tainted Grail: The Fall of Avalon,264220
83,Keyflower,122515
84,El Grande,93
85,Caylus,18602
86,Battlestar Galactica: The Board Game,37111
87,The Crew: Mission Deep Sea,324856
88,Twilight Imperium: Third Edition,12493
89,Troyes,73439
90,Dominion: Intrigue,40834
91,The Lord of the Rings: Journeys in Middle-Earth,269385
92,Eldritch Horror,146021
93,Raiders of the North Sea,170042
94,Mombasa,172386
95,Lorenzo il Magnifico,203993
96,Rising Sun,205896
97,The Isle of Cats,281259
98,Patchwork,163412
99,Russian Railroads,144733
100,Tigris & Euphrates,42
101,Decrypto,225694
102,Trajan,102680
103,Cascadia,295947
104,Inis,155821
105,Kanban EV,284378
106,Codenames,178900
107,Roll for the Galaxy,132531
108,Dominion,36218
109,Clank! In! Space!: A Deck-Building Adventure,233371
110,Champions of Midgard,172287
111,Cartographers,263918
112,Pandemic,30549
113,Aeon's End: War Eternal,218417
114,Yokohama,196340
115,Pandemic: Iberia,198928
116,Sherlock Holmes Consulting Detective: The Thames Murders & Other Cases,2511
117,Trickerion: Legends of Illusion,163068
118,Cthulhu: Death May Die,253344
119,Forbidden Stars,175155
120,Kemet,127023
121,PARKS,266524
122,Vinhos Deluxe Edition,175640
123,Res Arcana,262712
124,Sleeping Gods,255984
125,Beyond the Sun,317985
126,Endeavor: Age of Sail,233398
127,Alchemists,161970
128,Age of Steam,4098
129,Star Realms,147020
130,Legendary Encounters: An Alien Deck Building Game,146652
131,Stone Age,34635
132,Star Wars: X-Wing Miniatures Game,103885
133,Targi,118048
134,It's a Wonderful World,271324
135,Watergate,274364
136,Hansa Teutonica,43015
137,Ticket to Ride: Europe,14996
138,Welcome To...,233867
139,Istanbul,148949
140,The Lord of the Rings: The Card Game,77423
141,That's Pretty Clever!,244522
142,Azul: Summer Pavilion,287954
143,Descent: Journeys in the Dark (Second Edition),104162
144,Chaos in the Old World,43111
145,War of the Ring,9609
146,Just One,254640
147,Rajas of the Ganges,220877
148,Xia: Legends of a Drift System,82222
149,The Quest for El Dorado,217372
150,Concordia Venus,256916
151,Jaipur,54043
152,Marco Polo II: In the Service of the Khan,283948
153,Dead of Winter: A Crossroads Game,150376
154,Obsession,231733
155,Memoir '44,10630
156,The Resistance: Avalon,128882
157,Railways of the World,17133
158,Horrified,282524
159,Magic: The Gathering,463
160,Castles of Mad King Ludwig,155426
161,Viscounts of the West Kingdom,296151
162,Praga Caput Regni,308765
163,Cosmic Encounter,39463
164,Dinosaur Island,221194
165,Ora et Labora,70149
166,A Game of Thrones: The Board Game (Second Edition),103343
167,Glen More II: Chronicles,265188
168,This War of Mine: The Board Game,188920
169,Sagrada,199561
170,The Search for Planet X,279537
171,Sekigahara: The Unification of Japan,25021
172,Commands & Colors: Ancients,14105
173,Suburbia,123260
174,Ticket to Ride: Nordic Countries,31627
175,Near and Far,195421
176,Calico,283155
177,Captain Sonar,171131
178,Tyrants of the Underdark,189932
179,Village,104006
180,Combat Commander: Europe,21050
181,Nations,126042
182,Star Realms: Colony Wars,182631
183,Coimbra,245638
184,Detective: A Modern Crime Board Game,223321
185,Paths of Glory,91
186,Chronicles of Crime,239188
187,War Chest,249259
188,Codenames: Duet,224037
189,Splendor,148228
190,Go,188
191,Undaunted: Normandy,268864
192,Ra,12
193,La Granja,146886
194,Tichu,215
195,Space Base,242302
196,Carcassonne,822
197,T.I.M.E Stories,146508
198,Ticket to Ride,9209
199,Dominion (Second Edition),209418
200,Cyclades,54998
201,Legendary: A Marvel Deck Building Game,129437
202,Zombicide: Black Plague,176189
203,Under Falling Skies,306735
204,Kanban: Driver's Edition,109276
205,YINSH,7854
206,Santorini,194655
207,Secret Hitler,188834
208,Dune,283355
209,Deception: Murder in Hong Kong,156129
210,Roll Player,169426
211,Century: Golem Edition,232832
212,Goa,9216
213,The Princes of Florence,555
214,MicroMacro: Crime City,318977
215,Sushi Go Party!,192291
216,Hanamikoji,158600
217,Arcadia Quest,155068
218,Flamme Rouge,199478
219,Dwellings of Eldervale,271055
220,Hero Realms,198994
221,Galaxy Trucker,31481
222,Shogun,20551
223,Isle of Skye: From Chieftain to King,176494
224,Nidavellir,293014
225,Modern Art,118
226,Viticulture,128621
227,Steam,27833
228,1830: Railways & Robber Barons,421
229,Glory to Rome,19857
230,1960: The Making of the President,27708
231,Aeon's End: Legacy,241451
232,Lewis & Clark: The Expedition,140620
233,Terraforming Mars: Ares Expedition,328871
234,Pulsar 2849,228341
235,Samurai,3
236,Bora Bora,127060
237,The Taverns of Tiefenthal,269207
238,Kingdomino,204583
239,Too Many Bones: Undertow,235802
240,Power Grid Deluxe: Europe/North America,155873
241,Seasons,108745
242,Dixit: Odyssey,92828
243,Imperial,24181
244,My City,295486
245,Star Wars: Outer Rim,271896
246,Rococo,144344
247,"Unmatched: Battle of Legends, Volume One",274637
248,Dungeon Petz,97207
249,Tapestry,286096
250,Battle Line,760
251,KLASK,165722
252,Western Legends,232405
253,Fury of Dracula (Third/Fourth Edition),181279
254,Age of Empires III: The Age of Discovery,22545
255,The Manhattan Project: Energy Empire,176734
256,Imperial Settlers,154203
257,Space Alert,38453
258,Navegador,66589
259,Fantasy Realms,223040
260,Vindication,224783
261,Hive,2655
262,Ethnos,206718
263,Indonesia,19777
264,Summoner Wars: Master Set,93260
265,Lords of Hellas,222509
266,Dead of Winter: The Long Night,193037
267,Paleo,300531
268,Exit: The Game – The Abandoned Cabin,203420
269,Onitama,160477
270,Runewars,59294
271,Alien Frontiers,48726
272,Imperial 2030,54138
273,Cryptid,246784
274,Antiquity,13122
275,Unmatched: Cobble & Fog,294484
276,Nemo's War (Second Edition),187617
277,Telestrations,46213
278,BattleLore: Second Edition,146439
279,Burgle Bros.,172081
280,Cthulhu Wars,139976
281,Century: Spice Road,209685
282,The Red Cathedral,227224
283,Hannibal: Rome vs. Carthage,234
284,Forgotten Waters,302723
285,Glass Road,143693
286,Heaven & Ale,227789
287,Tiny Epic Galaxies,163967
288,Tikal,54
289,Arboretum,140934
290,Small World,40692
291,Bruges,136888
292,Above and Below,172818
293,Dungeon Lords,45315
294,Camel Up (Second Edition),260605
295,Mage Wars Arena,101721
296,Love Letter,129622
297,Sid Meier's Civilization: The Board Game,77130
298,Arkham Horror (Third Edition),257499
299,Mysterium,181304
300,Acquire,5
301,Hallertau,300322
302,Letters from Whitechapel,59959
303,Survive: Escape from Atlantis!,2653
304,Merchants & Marauders,25292
305,Mission: Red Planet (Second Edition),176920
306,Bärenpark,219513
307,Neuroshima Hex! 3.0,21241
308,Dixit,39856
309,The Resistance,41114
310,Takenoko,70919
311,Ghost Stories,37046
312,Agricola: All Creatures Big and Small,119890
313,Star Wars: Armada,163745
314,Bunny Kingdom,184921
315,Monikers,156546
316,Altiplano,234487
317,Harry Potter: Hogwarts Battle,199042
318,Awkward Guests,188866
319,Ankh: Gods of Egypt,285967
320,For Sale,172
321,Star Realms: Frontiers,230253
322,51st State: Master Set,192458
323,Evolution: Climate,182134
324,Here I Stand,17392
325,San Juan,8217
326,Notre Dame,25554
327,Die Macher,1
328,Lost Cities,50
329,Tekhenu: Obelisk of the Sun,297030
330,At the Gates of Loyang,39683
331,The Pillars of the Earth,24480
332,Nusfjord,234277
333,Gùgōng,250458
334,Gizmos,246192
335,Blood Bowl: Team Manager – The Card Game,90137
336,Endeavor,33160
337,Saint Petersburg,9217
338,In the Year of the Dragon,31594
339,Dice Throne: Season Two – Battle Chest,244271
340,Carpe Diem,245934
341,Bruxelles 1893,144592
342,Mythic Battles: Pantheon,186751
343,Sherlock Holmes Consulting Detective: Jack the Ripper & West End Adventures,204305
344,Tiny Towns,265736
345,Innovation,63888
346,Ticket to Ride: Märklin,21348
347,Azul: Stained Glass of Sintra,256226
348,Bonfire,304420
349,Sword & Sorcery,170771
350,King of Tokyo,70323
351,Aeon's End: The New Age,270633
352,Newton,244711
353,Clash of Cultures,40765
354,Abyss,155987
355,The Godfather: Corleone's Empire,195539
356,The Great Zimbabwe,111341
357,Pandemic: Fall of Rome,260428
358,Nippon,154809
359,San Juan (Second Edition),166669
360,Claustrophobia,36932
361,Ginkgopolis,128271
362,Civilization,71
363,London (Second Edition),236191
364,Codenames: Pictures,198773
365,Dune,121
366,Space Hulk (Third Edition),54625
367,Advanced Squad Leader,243
368,Dice Forge,194594
369,Maria,40354
370,Downforce,215311
371,Stockpile,161614
372,Chinatown,47
373,Twice as Clever!,269210
374,Arkham Horror,15987
375,Mice and Mystics,124708
376,Macao,55670
377,The Manhattan Project,63628
378,Fresco,66188
379,Marvel United,298047
380,Thunderstone Quest,215341
381,Millennium Blades,151347
382,Santa Maria,229220
383,Firefly: The Game,138161
384,The King's Dilemma,245655
385,Destinies,285192
386,Flash Point: Fire Rescue,100901
387,Spartacus: A Game of Blood and Treachery,128671
388,Charterstone,197376
389,Point Salad,274960
390,Hadrian's Wall,304783
391,A Few Acres of Snow,79828
392,Biblios,34219
393,Imperial Settlers: Empires of the North,270844
394,Blood Bowl: Living Rulebook,15985
395,Kingsburg,27162
396,Lancaster,96913
397,Sprawlopolis,251658
398,Quadropolis,176396
399,Schotten Totten,372
400,Glen More,66362
401,Skull,92415
402,Heroscape Master Set: Rise of the Valkyrie,11170
403,Pandemic: Reign of Cthulhu,192153
404,Lord of the Rings: The Confrontation,18833
405,Risk Legacy,105134
406,Anno 1800,311193
407,Wavelength,262543
408,Amerigo,137408
409,Meadow,314491
410,Pandemic: The Cure,150658
411,BattleLore,25417
412,Commands & Colors: Napoleonics,62222
413,PitchCar,150
414,Sheriff of Nottingham,157969
415,Amun-Re,5404
416,Smartphone Inc.,246684
417,Mystic Vale,194607
418,1775: Rebellion,128996
419,Descent: Journeys in the Dark,17226
420,Blood Bowl (Third Edition),712
421,Mansions of Madness,83330
422,Exit: The Game – Dead Man on the Orient Express,226522
423,Forbidden Desert,136063
424,Shadows of Brimstone: City of the Ancients,146791
425,Raptor,177639
426,Pipeline,256730
427,Colt Express,158899
428,"Labyrinth: The War on Terror, 2001 – ?",62227
429,Oath: Chronicles of Empire and Exile,291572
430,Black Orchestra,156858
431,Stuffed Fables,233312
432,Deus,162082
433,Chess,171
434,Citadels,478
435,Hanabi,98778
436,Mandala,264241
437,Madeira,95527
438,Shadows over Camelot,15062
439,Catan,13
440,BattleCON: Devastation of Indines,123123
441,Citadels,205398
442,Lords of Vegas,20437
443,Friday,43570
444,Freedom: The Underground Railroad,119506
445,Fire in the Lake,144189
446,Betrayal Legacy,240196
447,London,65781
448,Legends of Andor,127398
449,Archipelago,105551
450,First Class: All Aboard the Orient Express!,206941
451,Junk Art,193042
452,Sidereal Confluence,202426
453,Imhotep,191862
454,Skull King,150145
455,Small World Underground,97786
456,The King Is Dead: Second Edition,319966
457,Great Western Trail (Second Edition),341169
458,Oceans,232414
459,The Grizzled,171668
460,Argent: The Consortium,144797
461,Euphoria: Build a Better Dystopia,133848
462,The Fox in the Forest,221965
463,Time's Up! Title Recall!,36553
464,Potion Explosion,180974
465,Railroad Ink: Deep Blue Edition,245654
466,Thurn and Taxis,21790
467,Sentinels of the Multiverse,102652
468,Roads & Boats,875
469,Libertalia,125618
470,Hadara,269144
471,No Thanks!,12942
472,Escape Plan,142379
473,One Night Ultimate Werewolf,147949
474,Ingenious,9674
475,TZAAR,31999
476,Cloudspire,262211
477,Egizia,58421
478,Bohnanza,11
479,1846: The Race for the Midwest,17405
480,Blackout: Hong Kong,262215
481,Raiders of Scythia,301880
482,Airlines Europe,90419
483,Elysium,163968
484,Queendomino,232043
485,Port Royal,156009
486,RoboRally,18
487,Tales of the Arabian Nights,34119
488,Sushi Go!,133473
489,Runebound (Third Edition),181530
490,Vinhos,42052
491,Vikings,27173
492,Last Will,97842
493,Chicago Express,31730
494,The Colonists,192836
495,Pathfinder Adventure Card Game: Rise of the Runelords – Base Set,133038
496,Pax Porfiriana,128780
497,Alhambra,6249
498,Taj Mahal,475
499,Photosynthesis,218603
500,Discworld: Ankh-Morpork,91312
501,Karuba,183251
502,Baseball Highlights: 2045,151022
503,Zombie Kidz Evolution,256952
504,StarCraft: The Board Game,22827
505,Love Letter,277085
506,7 Wonders (Second Edition),316377
507,Paperback,141572
508,Colosseum,27746
509,Love Letter Premium,196326
510,Space Empires 4X,84419
511,Nexus Ops,15363
512,Hammer of the Scots,3685
513,Camel Up,153938
514,Star Wars: X-Wing (Second Edition),252328
515,Star Wars: X-Wing Miniatures Game – The Force Awakens Core Set,183562
516,DVONN,2346
517,Radlands,329082
518,AquaSphere,159508
519,Kemet: Blood and Sand,297562
520,Evolution,155703
521,Automobile,39351
522,Cubitos,298069
523,Francis Drake,140603
524,Carson City,39938
525,Blood Bowl (2016 Edition),212445
526,Conan,160010
527,Valeria: Card Kingdoms,170561
528,Middara: Unintentional Malum – Act 1,169427
529,Jamaica,28023
530,A Game of Thrones,6472
531,Dawn of the Zeds (Third Edition),175095
532,Broom Service,172308
533,Struggle of Empires,9625
534,Through the Desert,503
535,Tobago,42215
536,KeyForge: Call of the Archons,257501
537,A Game of Thrones: The Card Game (Second Edition),169255
538,Carcassonne: Hunters and Gatherers,4390
539,Star Wars: Destiny,205359
540,Las Vegas,117959
541,Gears of War: The Board Game,42776
542,Unmatched: Robin Hood vs. Bigfoot,274638
543,Blitzkrieg!: World War Two in 20 Minutes,258210
544,Zombicide,113924
545,Nova Luna,284435
546,Quantum,143519
547,Furnace,318084
548,"Air, Land & Sea",247367
549,Mare Nostrum: Empires,174785
550,Silver & Gold,270673
551,Coup,131357
552,High Society,220
553,Dice Throne: Season One,216734
554,Thebes,30869
555,Canvas,290236
556,In the Hall of the Mountain King,265402
557,Snowdonia,119432
558,The Republic of Rome,1513
559,Earth Reborn,73171
560,Triumph & Tragedy: European Balance of Power 1936-1945,130960
561,Magic Maze,209778
562,One Night Ultimate Werewolf: Daybreak,163166
563,Formula D,37904
564,The Battle of Five Armies,135219
565,Trains,121408
566,Betrayal at House on the Hill,10547
567,Time's Up!,1353
568,Taluva,24508
569,Draftosaurus,264055
570,Pax Renaissance,198953
571,Cooper Island,269511
572,Star Trek: Ascendancy,193949
573,Atlantis Rising (Second Edition),248490
574,Summoner Wars,58281
575,Cuba Libre,111799
576,Belfort,50750
577,Zombicide: Green Horde,224710
578,Shakespeare,180511
579,Medici,46
580,Dixit: Journey,121288
581,Lord of the Rings: The Confrontation,3201
582,Mr. Jack,21763
583,Coloretto,5782
584,Shadows of Brimstone: Swamps of Death,150997
585,Pan Am,303057
586,The Downfall of Pompeii,13004
587,Exit: The Game – The Pharaoh's Tomb,203416
588,Thunderstone Advance: Towers of Ruin,116998
589,Luna,70512
590,Kingdom Builder,107529
591,Fantastic Factories,216600
592,Smash Up: Awesome Level 9000,134726
593,Unlock!: Heroic Adventures,266121
594,Cuba,30380
595,Fleet: The Dice Game,245961
596,Fort,296912
597,Escape: The Curse of the Temple,113294
598,HeroQuest,699
599,Cacao,171499
600,Torres,88
601,Myrmes,126792
602,Project L,260180
603,Fury of Dracula (Second Edition),20963
604,Elder Sign,100423
605,Specter Ops,155624
606,Between Two Castles of Mad King Ludwig,258036
607,Defenders of the Realm,65532
608,6 nimmt!,432
609,Leaving Earth,173064
610,ZhanGuo,160495
611,Tokaido,123540
612,Yamataï,213893
613,Imperium: Classics,318184
614,Crusaders: Thy Will Be Done,170624
615,Feudum,163839
616,Warhammer Quest: The Adventure Card Game,181521
617,Steampunk Rally,162007
618,Arkwright,154825
619,Tash-Kalar: Arena of Legends,146278
620,Telestrations: 12 Player Party Pack,153016
621,Black Rose Wars,239942
622,Wallenstein,3307
623,Love Letter: Batman,168584
624,The Networks,72321
625,D-Day at Omaha Beach,29603
626,Whitehall Mystery,190082
627,Vegas Showdown,15364
628,Advanced Squad Leader: Starter Kit #1,9823
629,BANG! The Dice Game,143741
630,The Oracle of Delphi,193558
631,Wir sind das Volk!,165401
632,Prêt-à-Porter,87890
633,Mexica,2955
634,Dragon Castle,232219
635,Onirim (Second Edition),156336
636,Century: Eastern Wonders,242574
637,Treasure Island,242639
638,K2,73761
639,Ashes Reborn: Rise of the Phoenixborn,167400
640,Shards of Infinity,244115
641,Cribbage,2398
642,My Little Scythe,226320
643,City of the Big Shoulders,214880
644,Ascension: Deckbuilding Game,69789
645,Middle-Earth Quest,31563
646,Carcassonne: The Castle,7717
647,Eminent Domain,68425
648,Disney Villainous,256382
649,Yspahan,22345
650,Civilization: A New Dawn,233247
651,Churchill,132018
652,Aquatica,283393
653,Century: A New World,270970
654,Shipyard,55600
655,Arcadia Quest: Inferno,179803
656,Up Front,586
657,Between Two Cities,168435
658,Empires: Age of Discovery,173442
659,The Duke,36235
660,Disney Villainous: Wicked to the Core,271518
661,Space Hulk: Death Angel – The Card Game,71721
662,Space Hulk,2163
663,Imperial Struggle,206480
664,Coal Baron,143515
665,Cry Havoc,192457
666,Diplomacy,483
667,Honey Buzz,284742
668,A Fake Artist Goes to New York,135779
669,Reef,244228
670,Oh My Goods!,183840
671,Zombicide Season 2: Prison Outbreak,137988
672,Villagers,241724
673,Wits & Wagers,20100
674,New Frontiers,255692
675,Caverna: Cave vs Cave,220520
676,AuZtralia,231581
677,Ex Libris,201825
678,Warhammer: Invasion,47185
679,The Estates,249381
680,World Without End,43528
681,Saint Petersburg (Second Edition),156943
682,Kanagawa,200147
683,Super Motherload,162286
684,1989: Dawn of Freedom,26997
685,Exit: The Game – The Secret Lab,203417
686,Star Trek: Fleet Captains,79127
687,Black Angel,230244
688,Blue Moon City,21882
689,Deep Sea Adventure,169654
690,King of New York,160499
691,Vast: The Crystal Caverns,170416
692,Among the Stars,110277
693,Washington's War,38996
694,Panamax,131287
695,CO₂: Second Chance,214887
696,Summoner Wars: Alliances Master Set,158889
697,Descent: Legends of the Dark,322708
698,Blokus,2453
699,Dungeons & Dragons: The Legend of Drizzt Board Game,91872
700,Disney Villainous: Evil Comes Prepared,284760
701,Finca,40628
702,Q.E.,266830
703,878 Vikings: Invasions of England,204516
704,Rhino Hero: Super Battle,218333
705,Trismegistus: The Ultimate Formula,281442
706,FUSE,171273
707,Squad Leader,1035
708,Tribune: Primus Inter Pares,30957
709,Undaunted: North Africa,290359
710,Vasco da Gama,41002
711,Lords of Xidit,156566
712,Railroad Ink: Blazing Red Edition,251678
713,Dogs of War,158435
714,"Heroes of Land, Air & Sea",198830
715,Bus,552
716,Merv: The Heart of the Silk Road,306040
717,Yedo,117915
718,Crystal Palace,280480
719,Jambo,12002
720,Outlive,191051
721,Conflict of Heroes: Awakening the Bear! – Russia 1941-42,24800
722,One Deck Dungeon,179275
723,The Mind,244992
724,The Pursuit of Happiness,181687
725,XCOM: The Board Game,163602
726,Ticket to Ride: Rails & Sails,202670
727,13 Days: The Cuban Missile Crisis,177590
728,Fugitive,197443
729,Crown of Emara,256570
730,Combat Commander: Pacific,28181
731,Reef Encounter,12962
732,Ricochet Robots,51
733,Perudo,45
734,ZÈRTZ,528
735,Tang Garden,252153
736,Marvel Dice Masters: Avengers vs. X-Men,148575
737,Napoleon's Triumph,18098
738,Not Alone,194879
739,Clash of Cultures: Monumental Edition,299659
740,Red7,161417
741,Scoville,145659
742,Spyfall,166384
743,Friedrich,12891
744,Tajemnicze Domostwo,113997
745,Star Wars: The Card Game,103886
746,Yellow & Yangtze,244114
747,Gentes,217780
748,Trails of Tucana,283864
749,Tinners' Trail,35570
750,Empire of the Sun,11825
751,Spyrium,137269
752,Carcassonne: The City,12902
753,Union Pacific,94
754,Celestia,175117
755,Can't Stop,41
756,Hyperborea,119788
757,Brew Crafters,139898
758,Warhammer Underworlds: Shadespire,224597
759,The Bloody Inn,180593
760,Pandemic: Rising Tide,234671
761,Unfair,179172
762,Dale of Merchants,176165
763,Dice Hospital,218121
764,Ca$h 'n Guns (Second Edition),155362
765,Tammany Hall,30645
766,Tumblin-Dice,16747
767,Chronicles of Crime: 1400,300300
768,Diamant,15512
769,Catacombs (Third Edition),195137
770,Thunderstone,53953
771,Summoner Wars: Phoenix Elves vs Tundra Orcs,82421
772,Virgin Queen,41066
773,Sub Terra,204472
774,Signorie,177678
775,The Palaces of Carrara,129948
776,Santiago,8125
777,Legendary: A Marvel Deck Building Game – Villains,156689
778,San Marco,1041
779,Morels,122298
780,The Magnificent,283863
781,Conflict of Heroes: Awakening the Bear! – Operation Barbarossa 1941 (Second Edition),132028
782,Forbidden Island,65244
783,Akrotiri,154458
784,New York Zoo,300877
785,Rhino Hero,91514
786,Detective: City of Angels,218074
787,Last Night on Earth: The Zombie Game,29368
788,Menara,244608
789,The Shipwreck Arcana,220517
790,Homesteaders,26566
791,Roll Through the Ages: The Bronze Age,37380
792,Container,26990
793,Kitchen Rush,223953
794,Bridge,2181
795,Wizard,1465
796,Genoa,1345
797,Unlock!: Timeless Adventures,279613
798,Maharaja: The Game of Palace Building in India,9440
799,The Lost Expedition,216459
800,Hannibal & Hamilcar,227460
801,Summoner Wars: Guild Dwarves vs Cave Goblins,82420
802,Cerebria: The Inside World,218479
803,Pictomania,98229
804,Louis XIV,13642
805,Smash Up: Science Fiction Double Feature,151004
806,Battle for Rokugan,234477
807,The Others,172047
808,Heroscape Master Set: Swarm of the Marro,27976
809,Core Worlds,98351
810,Letter Jam,275467
811,Tragedy Looper,148319
812,Thunder Alley,108906
813,Qwixx,131260
814,Lanterns: The Harvest Festival,160851
815,Dungeons & Dragons: Wrath of Ashardalon Board Game,66356
816,Web of Power,491
817,Palm Island,239464
818,Age of Industry,65901
819,Wasteland Express Delivery Service,195560
820,Britannia,240
821,Adrenaline,202408
822,Mahjong,2093
823,Project: ELITE,256999
824,Whistle Mountain,301255
825,Hawaii,106217
826,Ascension: Storm of Souls,108784
827,Legacy: The Testament of Duke de Crecy,52461
828,Dream Factory,904
829,The Castles of Burgundy: The Card Game,191977
830,Tiny Epic Quest,201921
831,Summoner Wars (Second Edition),332800
832,Jaws,272738
833,Attika,8051
834,Zooloretto,27588
835,Concept,147151
836,Dungeons & Dragons: Castle Ravenloft Board Game,59946
837,Red Rising,329465
838,Parade,56692
839,Last Bastion,285984
840,The City of Kings,207243
841,SpaceCorp: 2025-2300AD,214029
842,5-Minute Dungeon,207830
843,Snow Tails,38054
844,Flick 'em Up!,169124
845,Fabled Fruit,203427
846,Werewords,219215
847,Meeple Circus,193214
848,Blue Lagoon,244331
849,Call to Adventure,238992
850,Raccoon Tycoon,254386
851,DC Comics Deck-Building Game,125678
852,Lovecraft Letter,198740
853,The Grimm Forest,212402
854,Qwirkle,25669
855,Tak,197405
856,DinoGenics,210296
857,Luxor,245643
858,Istanbul: The Dice Game,235488
859,Gold West,154086
860,La Città,554
861,Zombicide: Invader,248065
862,Discoveries: The Journals of Lewis & Clark,171669
863,Ascension: Return of the Fallen,95064
864,Etherfields,280794
865,Legendary Encounters: A Predator Deck Building Game,174570
866,Antike,19600
867,Lowlands,242804
868,Polis: Fight for the Hegemony,69779
869,Bloodborne: The Board Game,273330
870,IKI,177478
871,Marvel Dice Masters: Uncanny X-Men,158275
872,Coffee Roaster,196526
873,The Speicherstadt,66505
874,Automobiles,180680
875,Star Wars: The Queen's Gambit,939
876,Splendor: Marvel,293296
877,History of the World,224
878,Mr. Jack Pocket,72287
879,Star Trek: Frontiers,182340
880,Space Hulk (Fourth Edition),165838
881,Zombicide Season 3: Rue Morgue,161866
882,Kingsburg (Second Edition),199966
883,Railroad Revolution,207691
884,Mint Works,200077
885,Condottiere,112
886,Smash Up: Pretty Pretty Smash Up,168917
887,World's Fair 1893,178336
888,Manila,15817
889,Merchant of Venus (Second Edition),131646
890,Disney Villainous: Perfectly Wretched,299047
891,Rurik: Dawn of Kiev,228328
892,Santa Monica,298065
893,CO₂,72225
894,Cottage Garden,204027
895,Circadians: First Light,264052
896,Valley of the Kings,150999
897,Black Fleet,157403
898,Rivals for Catan,66056
899,Paris: La Cité de la Lumière,276498
900,Majesty: For the Realm,230080
901,Herbaceous,195314
902,Detective Club,256788
903,Fields of Green,200954
904,Roam,267319
905,Riverboat,227515
906,Wiz-War (Eighth Edition),104710
907,Firenze,75449
908,"Warhammer 40,000: Conquest",156776
909,Thunderstone: Dragonspire,85897
910,Winner's Circle,1382
911,Islebound,185589
912,Ticket to Ride: New York,253284
913,Rex: Final Days of an Empire,104363
914,Empires of the Void II,218509
915,"Time of Crisis: The Roman Empire in Turmoil, 235-284 AD",164949
916,Nations: The Dice Game,157809
917,A Study in Emerald,141517
918,Falling Sky: The Gallic Revolt Against Caesar,163154
919,Smash Up: Monster Smash,160018
920,A Distant Plain,127518
921,Cat Lady,228504
922,Caylus 1303,284818
923,BattleCON: War of Indines,89409
924,Container: 10th Anniversary Jumbo Edition!,229892
925,"Hey, That's My Fish!",8203
926,Tide of Iron,22825
927,When I Dream,198454
928,ICECOOL,177524
929,The Big Book of Madness,171233
930,NMBR 9,217449
931,Netrunner,1301
932,Unmatched: Jurassic Park – InGen vs Raptors,284777
933,Wildlands,244654
934,Wilderness War,1822
935,Tales & Games: The Hare & the Tortoise,130176
936,Dice Town,40793
937,Ohanami,270314
938,Zendo,6830
939,Loony Quest,136991
940,Vinci,60
941,Via Nebula,191231
942,Boonlake,343905
943,Stronghold,45986
944,Shikoku 1889,23540
945,Reavers of Midgard,242684
946,Batman: Gotham City Chronicles,222514
947,Metropolys,25568
948,Unfathomable,340466
949,The Lord of the Rings,823
950,Fauna,35497
951,Axis & Allies Anniversary Edition,35052
952,Paper Tales,217861
953,Terror in Meeple City,97903
954,Clinic: Deluxe Edition,272739
955,Mr. Jack in New York,55427
956,Black Sonata,231218
957,Irish Gauge,161882
958,Shadowrun: Crossfire,135382
959,Babylonia,266164
960,Archaeology: The New Expedition,191300
961,Smash Up,122522
962,A War of Whispers,253499
963,Linko!,153065
964,Dream Home,194880
965,China,18100
966,Two Rooms and a Boom,134352
967,Ikusa,221
968,Quartermaster General,159473
969,Quarriors!,91536
970,Era: Medieval Age,270971
971,Massive Darkness,197070
972,Runebound: Second Edition,21523
973,Abomination: The Heir of Frankenstein,239472
974,Ambush!,1608
975,Battle Cry,551
976,Hardback,223750
977,Diamonds: Second Edition,152162
978,Tidal Blades: Heroes of the Reef,233262
979,Ghost Fightin' Treasure Hunters,146312
980,Eight-Minute Empire: Legends,142326
981,Ecos: First Continent,279254
982,Battles of Westeros,67492
983,Yggdrasil,71671
984,Explorers of the North Sea,176371
985,Witness,164265
986,Warhammer Quest,1634
987,Deep Space D-6,183571
988,Honshū,207336
989,Tsuro,16992
990,Coconuts,145639
991,No Retreat! The Russian Front,68264
992,Automania,176544
993,Orchard: A 9 card solitaire game,245487
994,Domaine,5737
995,Animal Upon Animal,17329
996,1812: The Invasion of Canada,94246
997,Chimera Station,163642
998,Sons of Anarchy: Men of Mayhem,156091
999,Shadow Hunters,24068
1000,Cockroach Poker,11971
